Character,Comic Name,link
Rob,bandits.png,https://files.explosm.net/comics/Rob/bandits.png
Kris,asmile.png,https://files.explosm.net/comics/Kris/asmile.png
Dave,old_chest.png,https://files.explosm.net/comics/Dave/old_chest.png
Rob,thequestion2preview.png,https://files.explosm.net/comics/Rob/thequestion2preview.png
Kris,seeds.png,https://files.explosm.net/comics/Kris/seeds.png
Dave,lassie1.png,https://files.explosm.net/comics/Dave/lassie1.png
Rob,brain-eating.png,https://files.explosm.net/comics/Rob/brain-eating.png
Kris,portrait.png,https://files.explosm.net/comics/Kris/portrait.png
Dave,implantsblah.png,https://files.explosm.net/comics/Dave/implantsblah.png
Rob,spiders.png,https://files.explosm.net/comics/Rob/spiders.png
Kris,box.png,https://files.explosm.net/comics/Kris/box.png
Rob,november.png,https://files.explosm.net/comics/Rob/november.png
Kris,explicitly.png,https://files.explosm.net/comics/Kris/explicitly.png
Dave,leftorrighthanded.png,https://files.explosm.net/comics/Dave/leftorrighthanded.png
Dave,facepalmtree2.png,https://files.explosm.net/comics/Dave/facepalmtree2.png
Kris,happy-halloween.gif,https://files.explosm.net/comics/Kris/happy-halloween.gif
Dave,leprosy4.gif,https://files.explosm.net/comics/Dave/leprosy4.gif
Kris,dark.png,https://files.explosm.net/comics/Kris/dark.png
Dave,ihateourwebsite.png,https://files.explosm.net/comics/Dave/ihateourwebsite.png
Kris,skeletoncostume.png,https://files.explosm.net/comics/Kris/skeletoncostume.png
Rob,inside-voice2.png,https://files.explosm.net/comics/Rob/inside-voice2.png
Rob,cookies.png,https://files.explosm.net/comics/Rob/cookies.png
Dave,ihatethissite.png,https://files.explosm.net/comics/Dave/ihatethissite.png
Rob,proposal.png,https://files.explosm.net/comics/Rob/proposal.png
Rob,lookatme1.gif,https://files.explosm.net/comics/Rob/lookatme1.gif
Kris,cookies.png,https://files.explosm.net/comics/Kris/cookies.png
Rob,ladder2.png,https://files.explosm.net/comics/Rob/ladder2.png
Dave,thumbwar.png,https://files.explosm.net/comics/Dave/thumbwar.png
Kris,college.png,https://files.explosm.net/comics/Kris/college.png
Dave,asspiss.png,https://files.explosm.net/comics/Dave/asspiss.png
Rob,lookgoodGIF.gif,https://files.explosm.net/comics/Rob/lookgoodGIF.gif
Kris,visiting.png,https://files.explosm.net/comics/Kris/visiting.png
Dave,johnsonhalloween3.gif,https://files.explosm.net/comics/Dave/johnsonhalloween3.gif
Rob,full.png,https://files.explosm.net/comics/Rob/full.png
Kris,mirror.png,https://files.explosm.net/comics/Kris/mirror.png
Dave,earlyassflight.png,https://files.explosm.net/comics/Dave/earlyassflight.png
Rob,disappointed.png,https://files.explosm.net/comics/Rob/disappointed.png
Kris,mrmrsliteral_2.png,https://files.explosm.net/comics/Kris/mrmrsliteral_2.png
Dave,arseholehangin.png,https://files.explosm.net/comics/Dave/arseholehangin.png
Rob,battleship.png,https://files.explosm.net/comics/Rob/battleship.png
Kris,politic.png,https://files.explosm.net/comics/Kris/politic.png
Dave,pyongyang.png,https://files.explosm.net/comics/Dave/pyongyang.png
Rob,pumpkin.png,https://files.explosm.net/comics/Rob/pumpkin.png
Kris,peanuts.png,https://files.explosm.net/comics/Kris/peanuts.png
Dave,hearingaid.png,https://files.explosm.net/comics/Dave/hearingaid.png
Rob,football.png,https://files.explosm.net/comics/Rob/football.png
Kris,oscar.png,https://files.explosm.net/comics/Kris/oscar.png
Dave,fuckyourmom.png,https://files.explosm.net/comics/Dave/fuckyourmom.png
Rob,doc2.png,https://files.explosm.net/comics/Rob/doc2.png
Kris,sense.png,https://files.explosm.net/comics/Kris/sense.png
Dave,butttattoo.png,https://files.explosm.net/comics/Dave/butttattoo.png
Rob,looklikeshit.png,https://files.explosm.net/comics/Rob/looklikeshit.png
Kris,during.png,https://files.explosm.net/comics/Kris/during.png
Dave,dhaisdhas.png,https://files.explosm.net/comics/Dave/dhaisdhas.png
Rob,digits.png,https://files.explosm.net/comics/Rob/digits.png
Kris,hump.png,https://files.explosm.net/comics/Kris/hump.png
Rob,ideas.png,https://files.explosm.net/comics/Rob/ideas.png
Dave,assblast.png,https://files.explosm.net/comics/Dave/assblast.png
Kris,stars.png,https://files.explosm.net/comics/Kris/stars.png
Dave,wherediddaddygo.png,https://files.explosm.net/comics/Dave/wherediddaddygo.png
Rob,dna.png,https://files.explosm.net/comics/Rob/dna.png
Kris,protesting.png,https://files.explosm.net/comics/Kris/protesting.png
Dave,suicideyes2.png,https://files.explosm.net/comics/Dave/suicideyes2.png
Rob,toomany3.png,https://files.explosm.net/comics/Rob/toomany3.png
Kris,egg-plant.png,https://files.explosm.net/comics/Kris/egg-plant.png
Dave,makeemlaugh1.png,https://files.explosm.net/comics/Dave/makeemlaugh1.png
Rob,420.png,https://files.explosm.net/comics/Rob/420.png
Kris,gluten.png,https://files.explosm.net/comics/Kris/gluten.png
Dave,texting.png,https://files.explosm.net/comics/Dave/texting.png
Rob,bigback3.png,https://files.explosm.net/comics/Rob/bigback3.png
Kris,ideas.png,https://files.explosm.net/comics/Kris/ideas.png
Dave,pillowfight.png,https://files.explosm.net/comics/Dave/pillowfight.png
Rob,thatgirl3.png,https://files.explosm.net/comics/Rob/thatgirl3.png
Kris,myplace.png,https://files.explosm.net/comics/Kris/myplace.png
Dave,tellmywife.png,https://files.explosm.net/comics/Dave/tellmywife.png
Rob,offended2.png,https://files.explosm.net/comics/Rob/offended2.png
Kris,finishhim.png,https://files.explosm.net/comics/Kris/finishhim.png
Dave,ninjasinc.png,https://files.explosm.net/comics/Dave/ninjasinc.png
Rob,women-inch.png,https://files.explosm.net/comics/Rob/women-inch.png
Kris,darned.png,https://files.explosm.net/comics/Kris/darned.png
Dave,itsstillcancer.png,https://files.explosm.net/comics/Dave/itsstillcancer.png
Rob,voice.png,https://files.explosm.net/comics/Rob/voice.png
Kris,pancakes.png,https://files.explosm.net/comics/Kris/pancakes.png
Rob,atleastitsnotabowlingball.png,https://files.explosm.net/comics/Rob/atleastitsnotabowlingball.png
Dave,menu3.png,https://files.explosm.net/comics/Dave/menu3.png
Kris,stunts.png,https://files.explosm.net/comics/Kris/stunts.png
Dave,barneee.png,https://files.explosm.net/comics/Dave/barneee.png
Rob,face-tattoo.png,https://files.explosm.net/comics/Rob/face-tattoo.png
Kris,business.png,https://files.explosm.net/comics/Kris/business.png
Kris,good-job.png,https://files.explosm.net/comics/Kris/good-job.png
Rob,dandowner9.png,https://files.explosm.net/comics/Rob/dandowner9.png
Dave,affluenza3.png,https://files.explosm.net/comics/Dave/affluenza3.png
Dave,takemeback1.png,https://files.explosm.net/comics/Dave/takemeback1.png
Rob,limit.png,https://files.explosm.net/comics/Rob/limit.png
Kris,lame.png,https://files.explosm.net/comics/Kris/lame.png
Dave,pizzaboy.png,https://files.explosm.net/comics/Dave/pizzaboy.png
Rob,howarebabiesmade.png,https://files.explosm.net/comics/Rob/howarebabiesmade.png
Kris,elephant.png,https://files.explosm.net/comics/Kris/elephant.png
Rob,wheredobabies2.png,https://files.explosm.net/comics/Rob/wheredobabies2.png
Dave,getajob.png,https://files.explosm.net/comics/Dave/getajob.png
Kris,joke.png,https://files.explosm.net/comics/Kris/joke.png
Dave,gallowshumor.png,https://files.explosm.net/comics/Dave/gallowshumor.png
Kris,daddys.png,https://files.explosm.net/comics/Kris/daddys.png
